{
	"cameras": {

		"front.001": {
			"type": "perspective",
			"fov": 30.000000,
			"aspect": 1.333000,
			"near": 1.000000,
			"far": 10000.000000,
			"position": [2.4295818068273727, 16, 127.75784731173314],
			"target": [0, 0, 0]
		},
		"front.002": {
			"type": "perspective",
			"fov": 30.000000,
			"aspect": 1.333000,
			"near": 1.000000,
			"far": 10000.000000,
			"position": [2.4295818068273727, 12.170129621205593, 55],
			"target": [0, 0, 0]
		},
		"top": {
			"type": "perspective",
			"fov": 30.000000,
			"aspect": 1.333000,
			"near": 1.000000,
			"far": 10000.000000,
			"position": [0, 71, 1] ,
			"rotation": [0, 0, 0] ,
			"target": [0, 0, 0]
		},
		"Eye Level.001": {
			"type": "perspective",
			"fov": 30.000000,
			"aspect": 1.333000,
			"near": 1.000000,
			"far": 10000.000000,
			"position": [-14.233769507746628, -1.2, -12.432009181431404],
			"target": [-14.23104401762826, -2, 9.2]
		},
		"Eye Level.002": {
			"type": "perspective",
			"fov": 30.000000,
			"aspect": 1.333000,
			"near": 1.000000,
			"far": 10000.000000,
			"position": [0.5, -1.2, -12.432009181431404],
			"target": [0.5, -2, 9.2]
		},
		"Eye Level.003": {
			"type": "perspective",
			"fov": 30.000000,
			"aspect": 1.333000,
			"near": 1.000000,
			"far": 10000.000000,
			"position": [10, -1.2, -12.432009181431404],
			"target": [10, -2, 9.2]
		},
		"Eye Level.004": {
			"type": "perspective",
			"fov": 30.000000,
			"aspect": 1.333000,
			"near": 1.000000,
			"far": 10000.000000,
			"position": [-19.4, -1.2, 0],
			"target": [0, -2, 0]
		},
		"Eye Level.005": {
			"type": "perspective",
			"fov": 30.000000,
			"aspect": 1.333000,
			"near": 1.000000,
			"far": 10000.000000,
			"position": [0.5, -1.2, 9.4],
			"target": [0.5, -2, -9.2]
		},
		"Eye Level.006": {
			"type": "perspective",
			"fov": 30.000000,
			"aspect": 1.333000,
			"near": 1.000000,
			"far": 10000.000000,
			"position": [18, -1.2, 0],
			"target": [0, -2, 0]
		},
		"Eye Level.007": {
			"type": "perspective",
			"fov": 30.000000,
			"aspect": 1.333000,
			"near": 1.000000,
			"far": 10000.000000,
			"position": [-14, -1.2, 0],
			"target": [-14, -2, 12.4]
		},
		"Eye Level.008": {
			"type": "perspective",
			"fov": 30.000000,
			"aspect": 1.333000,
			"near": 1.000000,
			"far": 10000.000000,
			"position": [0.5, -1.2, 0],
			"target": [0.5, -2, 12.4]
		},
		"Eye Level.009": {
			"type": "perspective",
			"fov": 30.000000,
			"aspect": 1.333000,
			"near": 1.000000,
			"far": 10000.000000,
			"position": [14, -1.2, 0],
			"target": [14, -2, 12.4]
		}
	},
	
	"transform" :
	{
	    "position"  : [ 0, 0, 0 ]
	}

}

