{

    "metadata" :
    {
        "formatVersion" : 3.1,
        "generatedBy"   : "Blender 2.63 Exporter",
        "vertices"      : 8,
        "faces"         : 0,
        "normals"       : 0,
        "colors"        : 0,
        "uvs"           : [],
        "materials"     : 1,
        "morphTargets"  : 0,
        "bones"         : 0
    },

    "scale" : 1.000000,

    "materials": [	{
	"DbgColor" : 15658734,
	"DbgIndex" : 0,
	"DbgName" : "Material",
	"blending" : "NormalBlending",
	"colorAmbient" : [0.6400000190734865, 0.6400000190734865, 0.6400000190734865],
	"colorDiffuse" : [0.6400000190734865, 0.6400000190734865, 0.6400000190734865],
	"colorSpecular" : [0.5, 0.5, 0.5],
	"depthTest" : true,
	"depthWrite" : true,
	"shading" : "Lambert",
	"specularCoef" : 50,
	"transparency" : 1.0,
	"transparent" : false,
	"vertexColors" : false
	}],

    "vertices": [0,-0.939395,1,0.19509,-0.939395,0.980785,0.382683,-0.939395,0.92388,0.55557,-0.939394,0.83147,0.707107,-0.939394,0.707107,0.83147,-0.939394,0.55557,0.92388,-0.939394,0.382683,0.980785,-0.939394,0.19509,1,-0.939394,1.14271e-07,0,-2.93939,-1.24074e-06,0.980785,-0.939394,-0.19509,0.92388,-0.939394,-0.382683,0.83147,-0.939394,-0.55557,0.707107,-0.939393,-0.707107,0.55557,-0.939393,-0.83147,0.382683,-0.939393,-0.92388,0.19509,-0.939393,-0.980785,-3.25841e-07,-0.939393,-1,-0.195091,-0.939393,-0.980785,-0.382684,-0.939393,-0.923879,-0.555571,-0.939393,-0.831469,-0.707107,-0.939393,-0.707106,-0.83147,-0.939394,-0.55557,-0.92388,-0.939394,-0.382683,-0.980785,-0.939394,-0.195089,-1,-0.939394,1.00437e-06,-0.980785,-0.939394,0.195091,-0.923879,-0.939394,0.382684,-0.831469,-0.939394,0.555571,-0.707106,-0.939394,0.707108,-0.555569,-0.939394,0.83147,-0.382682,-0.939395,0.92388,-0.195089,-0.939395,0.980786],

    "morphTargets": [],

    "normals": [],

    "colors": [],

    "uvs": [[]],

    "faces": [2,31,9,32,0,2,0,9,1,0,2,9,0,32,0,2,1,9,2,0,2,30,9,31,0,2,29,9,30,0,2,28,9,29,0,2,27,9,28,0,2,26,9,27,0,2,25,9,26,0,2,24,9,25,0,2,23,9,24,0,2,22,9,23,0,2,21,9,22,0,2,20,9,21,0,2,19,9,20,0,2,18,9,19,0,2,17,9,18,0,2,16,9,17,0,2,15,9,16,0,2,14,9,15,0,2,13,9,14,0,2,12,9,13,0,2,11,9,12,0,2,10,9,11,0,2,8,9,10,0,2,7,9,8,0,2,6,9,7,0,2,5,9,6,0,2,4,9,5,0,2,3,9,4,0,2,2,9,3,0,2,0,1,32,0,2,1,31,32,0,2,1,2,31,0,2,2,30,31,0,2,2,3,30,0,2,3,29,30,0,2,3,4,29,0,2,4,28,29,0,2,4,5,28,0,2,5,27,28,0,2,5,6,27,0,2,6,26,27,0,2,6,7,26,0,2,7,25,26,0,2,7,8,25,0,2,8,24,25,0,2,8,10,24,0,2,10,23,24,0,2,10,11,23,0,2,11,22,23,0,2,11,12,22,0,2,12,21,22,0,2,12,13,21,0,2,13,20,21,0,2,13,14,20,0,2,14,19,20,0,2,14,15,19,0,2,15,18,19,0,2,15,16,18,0,2,16,17,18,0],

    "bones" : [],

    "skinIndices" : [],

    "skinWeights" : [],

    "animation" : {}


}
