{



"objects" :
{

    "Mesh.841" : {
        "geometry"  : "geo_CubeGeom",
        "groups"    : [ "ps08-diffuser" ],
        "materials" : [ "particleBoxBlue" ],
        "position"  : [ -7.623192, -1.390152, 0.751487 ],
        "rotation"  : [ 0.000000, -0.000000, 1.570797 ],
        "quaternion": [ 0.707107, 0.000000, 0.000000, 0.707107 ],
        "scale"     : [ 0.200000, 0.200000, 0.200000 ]
    },

    "Mesh.842" : {
        "geometry"  : "geo_CylinderGeom",
        "groups"    : [ "ps08-diffuser" ],
        "materials" : [ "particleRed" ],
        "position"  : [ -8.046207, -1.434597, 0.786201 ],
        "rotation"  : [ 0, 1.570797, 0 ],
        "quaternion": [ 0.500000, 0.500000, 0.500000, 0.500000 ],
        "scale"     : [ 0.180000, 0.180000, 0.150000 ]
    },

    "Mesh.843" : {
        "geometry"  : "geo_CubeGeom",
        "groups"    : [ "ps08-diffuser" ],
        "materials" : [ "particleBoxBlue" ],
        "position"  : [ -9.347931, -1.480153, 0.791093 ],
        "rotation"  : [ 0.000000, -0.000000, 1.570797 ],
        "quaternion": [ 0.707107, 0.000000, 0.000000, 0.707107 ],
        "scale"     : [ 0.175000, 0.175000, 0.175000 ]
    },

    "Mesh.845" : {
        "geometry"  : "geo_CylinderGeom",
        "groups"    : [ "ps08-diffuser" ],
        "materials" : [ "particleRed" ],
        "position"  : [ -10.412268, -1.425114, 0.404640 ],
        "rotation"  : [ 0.000000, -0.000000, 1.570797 ],
        "quaternion": [ 0.707107, 0.000000, 0.000000, 0.707107 ],
        "scale"     : [ 0.150000, 0.150000, 0.075000 ]
    },

    "Mesh.844" : {
        "geometry"  : "geo_CylinderGeom",
        "groups"    : [ "ps08-diffuser" ],
        "materials" : [ "particleRed" ],
        "position"  : [ -10.015533, -1.408585, 0.767343 ],
        "rotation"  : [ 1.396264,  1.570794 , 0.0],
        "quaternion": [ 0.541675, 0.454520, 0.454520, 0.541675 ],
        "scale"     : [ 0.150000, 0.150000, 0.075000 ]
    },

    "Mesh.846" : {
        "geometry"  : "geo_CubeGeom",
        "groups"    : [ "ps08-diffuser" ],
        "materials" : [ "particleBoxBlue" ],
        "position"  : [ -10.398946, -1.395114, -0.147907 ],
        "rotation"  : [ 0.000000, -0.000000, 1.570797 ],
        "quaternion": [ 0.707107, 0.000000, 0.000000, 0.707107 ],
        "scale"     : [ 0.500000, 0.500000, 0.100000 ]
   },

    "Mesh.847" : {
        "geometry"  : "geo_CubeGeom",
        "groups"    : [ "ps08-diffuser" ],
        "materials" : [ "particleBoxBlue" ],
        "position"  : [ -10.435946, -1.345114, -0.698907 ],
        "rotation"  : [ 0.000000, -0.000000, 1.570797 ],
        "quaternion": [ 0.707107, 0.000000, 0.000000, 0.707107 ],
        "scale"     : [ 1.000000, 1.000000, 0.100000 ]
    }


},


"geometries" :
{
    "geo_CubeGeom" : {
        "type" : "embedded",
        "id"  : "emb_CubeGeom"
    },

    "geo_CylinderGeom" : {
        "type" : "embedded",
        "id"  : "emb_CylinderGeom"
    }
},

"materials" :
{
    

    "particleBoxBlue" : {
        "type": "MeshLambertMaterial",
        "parameters": { "color": 1977507, "opacity": 1 }
    },

    "particleRed" : {
        "type": "MeshLambertMaterial",
        "parameters": { "color": 5898496, "opacity": 1 }
    }

 
},


"embeds" :
{
"emb_CylinderGeom": {    "version" : 2,

    "scale" : 1.000000,

    "materials": [  {
  "DbgColor" : 15658734,
  "DbgIndex" : 0,
  "DbgName" : "particleRed",
  "colorAmbient" : [0.0, 0.0, 0.0],
  "colorDiffuse" : [0.3549019694328308, 0.004344759043306112, 0.0],
  "colorSpecular" : [0.3419532775878906, 0.0, 0.0],
  "shading" : "Lambert",
  "specularCoef" : 68,
  "transparency" : 1.0,
  "vertexColors" : false
  }],

    "vertices": [0.000000,1.000000,-1.000000,0.195090,0.980785,-1.000000,0.382683,0.923880,-1.000000,0.555570,0.831470,-1.000000,0.707107,0.707107,-1.000000,0.831470,0.555570,-1.000000,0.923880,0.382683,-1.000000,0.980785,0.195090,-1.000000,1.000000,0.000000,-1.000000,0.980785,-0.195090,-1.000000,0.923880,-0.382683,-1.000000,0.831470,-0.555570,-1.000000,0.707107,-0.707107,-1.000000,0.555570,-0.831470,-1.000000,0.382683,-0.923880,-1.000000,0.195090,-0.980785,-1.000000,-0.000000,-1.000000,-1.000000,-0.195091,-0.980785,-1.000000,-0.382684,-0.923879,-1.000000,-0.555571,-0.831469,-1.000000,-0.707107,-0.707106,-1.000000,-0.831470,-0.555570,-1.000000,-0.923880,-0.382683,-1.000000,-0.980785,-0.195089,-1.000000,-1.000000,0.000001,-1.000000,-0.980785,0.195091,-1.000000,-0.923879,0.382684,-1.000000,-0.831469,0.555571,-1.000000,-0.707106,0.707108,-1.000000,-0.555569,0.831470,-1.000000,-0.382682,0.923880,-1.000000,-0.195089,0.980786,-1.000000,0.000002,1.000000,1.000000,0.195092,0.980785,1.000000,0.382685,0.923879,1.000000,0.555572,0.831469,1.000000,0.707108,0.707105,1.000000,0.831471,0.555569,1.000000,0.923880,0.382682,1.000000,0.980786,0.195088,1.000000,1.000000,-0.000002,1.000000,0.980785,-0.195092,1.000000,0.923879,-0.382685,1.000000,0.831469,-0.555571,1.000000,0.707106,-0.707107,1.000000,0.555570,-0.831470,1.000000,0.382684,-0.923880,1.000000,0.195091,-0.980785,1.000000,0.000001,-1.000000,1.000000,-0.195089,-0.980786,1.000000,-0.382682,-0.923880,1.000000,-0.555568,-0.831471,1.000000,-0.707105,-0.707109,1.000000,-0.831468,-0.555573,1.000000,-0.923878,-0.382686,1.000000,-0.980785,-0.195094,1.000000,-1.000000,-0.000004,1.000000,-0.980786,0.195086,1.000000,-0.923881,0.382679,1.000000,-0.831473,0.555566,1.000000,-0.707111,0.707103,1.000000,-0.555575,0.831466,1.000000,-0.382689,0.923877,1.000000,-0.195097,0.980784,1.000000,0.000000,0.000000,-1.000000,0.000000,0.000000,1.000000],

    "morphTargets": [],

    "normals": [],

    "colors": [],

    "uvs": [[]],

    "faces": [2,64,0,1,0,2,65,33,32,0,2,64,1,2,0,2,65,34,33,0,2,64,2,3,0,2,65,35,34,0,2,64,3,4,0,2,65,36,35,0,2,64,4,5,0,2,65,37,36,0,2,64,5,6,0,2,65,38,37,0,2,64,6,7,0,2,65,39,38,0,2,64,7,8,0,2,65,40,39,0,2,64,8,9,0,2,65,41,40,0,2,64,9,10,0,2,65,42,41,0,2,64,10,11,0,2,65,43,42,0,2,64,11,12,0,2,65,44,43,0,2,64,12,13,0,2,65,45,44,0,2,64,13,14,0,2,65,46,45,0,2,64,14,15,0,2,65,47,46,0,2,64,15,16,0,2,65,48,47,0,2,64,16,17,0,2,65,49,48,0,2,64,17,18,0,2,65,50,49,0,2,64,18,19,0,2,65,51,50,0,2,64,19,20,0,2,65,52,51,0,2,64,20,21,0,2,65,53,52,0,2,64,21,22,0,2,65,54,53,0,2,64,22,23,0,2,65,55,54,0,2,64,23,24,0,2,65,56,55,0,2,64,24,25,0,2,65,57,56,0,2,64,25,26,0,2,65,58,57,0,2,64,26,27,0,2,65,59,58,0,2,64,27,28,0,2,65,60,59,0,2,64,28,29,0,2,65,61,60,0,2,64,29,30,0,2,65,62,61,0,2,64,30,31,0,2,65,63,62,0,2,31,0,64,0,2,65,32,63,0,3,0,32,33,1,0,3,1,33,34,2,0,3,2,34,35,3,0,3,3,35,36,4,0,3,4,36,37,5,0,3,5,37,38,6,0,3,6,38,39,7,0,3,7,39,40,8,0,3,8,40,41,9,0,3,9,41,42,10,0,3,10,42,43,11,0,3,11,43,44,12,0,3,12,44,45,13,0,3,13,45,46,14,0,3,14,46,47,15,0,3,15,47,48,16,0,3,16,48,49,17,0,3,17,49,50,18,0,3,18,50,51,19,0,3,19,51,52,20,0,3,20,52,53,21,0,3,21,53,54,22,0,3,22,54,55,23,0,3,23,55,56,24,0,3,24,56,57,25,0,3,25,57,58,26,0,3,26,58,59,27,0,3,27,59,60,28,0,3,28,60,61,29,0,3,29,61,62,30,0,3,30,62,63,31,0,3,32,0,31,63,0]

},

"emb_CubeGeom": {    "version" : 2,

    "scale" : 1.000000,

    "materials": [  {
  "DbgColor" : 15658734,
  "DbgIndex" : 0,
  "DbgName" : "particleBoxBlue",
  "colorAmbient" : [0.0, 0.0, 0.0],
  "colorDiffuse" : [0.12114807547849527, 0.17566639446715104, 0.6400000190734865],
  "colorSpecular" : [0.5, 0.5, 0.5],
  "shading" : "Lambert",
  "specularCoef" : 50,
  "transparency" : 1.0,
  "vertexColors" : false
  }],

    "vertices": [1.000000,1.000000,-1.000000,1.000000,-1.000000,-1.000000,-1.000000,-1.000000,-1.000000,-1.000000,1.000000,-1.000000,1.000000,1.000000,1.000000,0.999999,-1.000001,1.000000,-1.000000,-1.000000,1.000000,-1.000000,1.000000,1.000000],

    "morphTargets": [],

    "normals": [],

    "colors": [],

    "uvs": [[]],

    "faces": [3,0,1,2,3,0,3,4,7,6,5,0,3,0,4,5,1,0,3,1,5,6,2,0,3,2,6,7,3,0,3,4,0,3,7,0]

}
},


"transform" :
{
    "position"  : [ 0,0,0 ],
    "rotation"  : [ 0,0,0 ]
}



}
